{
    "L": 2.0,
    "W": [
        [
            [
                0.0,
                0.48699404427756354,
                0.6378592686930404
            ],
            [
                0.0,
                0.45988155050457147,
                -0.13325774407845614
            ],
            [
                0.0,
                0.3454775229712448,
                0.9753124397422619
            ]
        ],
        [
            [
                0.0,
                0.33478514511270274,
                -2.718646941333391,
                -0.9222129187690064
            ],
            [
                0.0,
                -3.3116733716043454,
                1.1276823865158039,
                2.8376504187653504
            ],
            [
                0.0,
                -0.19369372557629552,
                3.3953364513519393,
                -2.1343701677659563
            ]
        ]
    ],
    "d": [
        2.0,
        2.0,
        3.0
    ]
}